Index,Predicted_Rrp,True_Rrp
0,0.025605197297409177,0.031
1,0.019283342029666528,0.0154
2,0.01915299001848325,0.0065
3,0.019478954054648057,0.0201
4,0.022525060339830816,0.0495
5,0.01914231028058566,0.0083
