Index,Predicted_Rrp,True_Rrp
0,0.02478551072999835,0.031
1,0.011385422432795167,0.0154
2,0.010325879411539063,0.0065
3,0.013370778615353629,0.0201
4,0.021104025072418153,0.0495
5,0.008019990375032648,0.0083
